,country,beer_servings,spirit_servings,wine_servings,total_litres_of_pure_alcohol
117,Namibia,376,3,1,6.8
45,Czech Republic,361,170,134,11.8
62,Gabon,347,98,59,8.9
65,Germany,346,117,175,11.3
98,Lithuania,343,244,56,12.9
135,Poland,343,215,56,10.9
188,Venezuela,333,100,3,7.7
81,Ireland,313,118,165,11.4
129,Palau,306,63,23,6.9
140,Romania,297,122,167,10.4
